{"cameraMode":{"drawMode":0,"name":"Shaded","section":"Shading Mode"},"sceneLighting":true,"audioPlay":false,"sceneViewState":{"showFog":false,"showMaterialUpdate":false,"showSkybox":true,"showFlares":true,"showImageEffects":true,"showParticleSystems":true},"in2DMode":false,"pivot":{"x":9.794174194335938,"y":-1.5388264656066895,"z":4.278014183044434},"rotation":{"x":-0.1177605465054512,"y":-0.5150806903839111,"z":0.07169728726148606,"w":-0.8459866642951965},"size":12.65353775024414,"orthographic":false}