{"cameraMode":{"drawMode":0,"name":"Shaded","section":"Shading Mode"},"sceneLighting":true,"audioPlay":false,"sceneViewState":{"showFog":false,"showMaterialUpdate":false,"showSkybox":true,"showFlares":true,"showImageEffects":true,"showParticleSystems":true},"in2DMode":false,"pivot":{"x":1.7544045448303223,"y":-0.17622828483581544,"z":0.8605096340179443},"rotation":{"x":-0.37797433137893679,"y":-0.464255690574646,"z":0.22856788337230683,"w":-0.7677075266838074},"size":4.0940327644348148,"orthographic":false}