{"cameraMode":{"drawMode":0,"name":"Shaded","section":"Shading Mode"},"sceneLighting":true,"audioPlay":false,"sceneViewState":{"showFog":false,"showMaterialUpdate":false,"showSkybox":true,"showFlares":true,"showImageEffects":true,"showParticleSystems":true},"in2DMode":false,"pivot":{"x":1.5919744968414307,"y":-0.31150269508361819,"z":-0.5459331274032593},"rotation":{"x":-0.3711795210838318,"y":-0.5584564805030823,"z":0.30689698457717898,"w":-0.675412654876709},"size":3.0423121452331545,"orthographic":false}