{"cameraMode":{"drawMode":0,"name":"Shaded","section":"Shading Mode"},"sceneLighting":true,"audioPlay":false,"sceneViewState":{"showFog":false,"showMaterialUpdate":false,"showSkybox":true,"showFlares":true,"showImageEffects":true,"showParticleSystems":true},"in2DMode":false,"pivot":{"x":0.714026153087616,"y":0.5593467354774475,"z":-0.45630449056625368},"rotation":{"x":-0.24637888371944428,"y":-0.021214589476585389,"z":0.005386189091950655,"w":-0.9689375162124634},"size":4.057480812072754,"orthographic":false}