{"cameraMode":{"drawMode":0,"name":"Shaded","section":"Shading Mode"},"sceneLighting":true,"audioPlay":false,"sceneViewState":{"showFog":false,"showMaterialUpdate":false,"showSkybox":true,"showFlares":true,"showImageEffects":true,"showParticleSystems":true},"in2DMode":false,"pivot":{"x":-5.606078147888184,"y":-1.0498318672180176,"z":8.281205177307129},"rotation":{"x":-0.13060413300991059,"y":0.3172903060913086,"z":-0.04416628181934357,"w":-0.9382568597793579},"size":14.61648178100586,"orthographic":false}