{"cameraMode":{"drawMode":0,"name":"Shaded","section":"Shading Mode"},"sceneLighting":true,"audioPlay":false,"sceneViewState":{"showFog":false,"showMaterialUpdate":false,"showSkybox":true,"showFlares":true,"showImageEffects":true,"showParticleSystems":true},"in2DMode":false,"pivot":{"x":0.4118698835372925,"y":1.0671300888061524,"z":0.018111348152160646},"rotation":{"x":-0.2200339287519455,"y":-0.03597842901945114,"z":0.008112768642604351,"w":-0.9748076796531677},"size":1.245234489440918,"orthographic":false}