{"cameraMode":{"drawMode":0,"name":"Shaded","section":"Shading Mode"},"sceneLighting":true,"audioPlay":false,"sceneViewState":{"showFog":false,"showMaterialUpdate":false,"showSkybox":true,"showFlares":true,"showImageEffects":true,"showParticleSystems":true},"in2DMode":false,"pivot":{"x":13.632610321044922,"y":-6.8538103103637699,"z":13.058260917663575},"rotation":{"x":-0.23338919878005982,"y":-0.37925758957862856,"z":0.09946318715810776,"w":-0.889845609664917},"size":37.97431945800781,"orthographic":false}