{"cameraMode":{"drawMode":0,"name":"Shaded","section":"Shading Mode"},"sceneLighting":true,"audioPlay":false,"sceneViewState":{"showFog":false,"showMaterialUpdate":false,"showSkybox":true,"showFlares":true,"showImageEffects":true,"showParticleSystems":true},"in2DMode":false,"pivot":{"x":1.7335550785064698,"y":-0.007086992263793945,"z":1.6587493419647217},"rotation":{"x":-0.2913615107536316,"y":-0.5704923272132874,"z":0.22653447091579438,"w":-0.7337192893028259},"size":3.6452341079711916,"orthographic":false}