{"cameraMode":{"drawMode":0,"name":"Shaded","section":"Shading Mode"},"sceneLighting":true,"audioPlay":false,"sceneViewState":{"showFog":false,"showMaterialUpdate":false,"showSkybox":true,"showFlares":true,"showImageEffects":true,"showParticleSystems":true},"in2DMode":false,"pivot":{"x":0.6829817295074463,"y":1.9266061782836915,"z":2.0939507484436037},"rotation":{"x":-0.07315651327371597,"y":0.9126156568527222,"z":-0.1876668483018875,"w":-0.3557547330856323},"size":1.571089506149292,"orthographic":false}