{"cameraMode":{"drawMode":0,"name":"Shaded","section":"Shading Mode"},"sceneLighting":true,"audioPlay":false,"sceneViewState":{"showFog":false,"showMaterialUpdate":false,"showSkybox":true,"showFlares":true,"showImageEffects":true,"showParticleSystems":true},"in2DMode":false,"pivot":{"x":-4.379513263702393,"y":-0.6675859689712524,"z":9.548847198486329},"rotation":{"x":-0.09666753560304642,"y":0.22113147377967835,"z":-0.02203274704515934,"w":-0.9701926112174988},"size":12.256816864013672,"orthographic":false}