{"cameraMode":{"drawMode":0,"name":"Shaded","section":"Shading Mode"},"sceneLighting":true,"audioPlay":false,"sceneViewState":{"showFog":false,"showMaterialUpdate":false,"showSkybox":true,"showFlares":true,"showImageEffects":true,"showParticleSystems":true},"in2DMode":false,"pivot":{"x":4.126723289489746,"y":-1.4071117639541627,"z":-0.2462386041879654},"rotation":{"x":-0.27235543727874758,"y":-0.6366653442382813,"z":0.25724563002586367,"w":-0.6740391254425049},"size":6.711655616760254,"orthographic":false}