{"cameraMode":{"drawMode":0,"name":"Shaded","section":"Shading Mode"},"sceneLighting":true,"audioPlay":false,"sceneViewState":{"showFog":false,"showMaterialUpdate":false,"showSkybox":true,"showFlares":true,"showImageEffects":true,"showParticleSystems":true},"in2DMode":false,"pivot":{"x":-0.703317403793335,"y":-0.6984685659408569,"z":1.6569254398345948},"rotation":{"x":-0.2317783534526825,"y":0.3818230926990509,"z":-0.09953921288251877,"w":-0.8891590237617493},"size":4.357481002807617,"orthographic":false}